Tanggal;Total_Produk_Terjual;Status_Toko;Apel;Belimbing;Jagung;Jeruk;Jambu;Mangga;Melon;Naga;Nenas;Pokat;Semangka;Sirsak;Terong Belanda;Tomat;Timun;Apel Ice Cream;Belimbing Ice Cream;Jagung Ice Cream;Jeruk Ice Cream;Jambu Ice Cream;Mangga Ice Cream;Melon Ice Cream;Naga Ice Cream;Nenas Ice Cream;Pokat Ice Cream;Semangka Ice Cream;Sirsak Ice Cream;Tomat Ice Cream;Terong Belanda Ice Cream;Timun Ice Cream;Ice Cream 9;Ice Cream 12;Ice Cream 15
01/11/2025;523;1;11;1;5;31;8;77;1;25;4;131;9;17;17;4;0;3;1;3;3;0;57;0;12;1;67;2;6;0;7;0;15;5;0
02/11/2025;559;1;8;6;8;34;6;92;3;19;2;117;3;19;14;6;3;1;1;3;8;0;72;3;10;2;85;3;2;0;8;0;11;6;4
03/11/2025;82;1;2;1;0;8;3;8;0;3;1;27;0;3;1;0;0;1;0;0;1;0;3;0;4;0;11;0;3;0;0;0;0;1;1
04/11/2025;408;1;4;3;6;22;4;57;4;19;3;114;9;7;11;0;4;2;0;0;5;3;28;1;10;2;66;2;0;0;10;0;7;0;5
05/11/2025;433;1;12;5;0;20;11;70;0;17;9;116;14;12;1;1;4;1;0;1;3;0;35;0;7;0;81;0;2;0;0;0;9;1;1
06/11/2025;422;1;8;4;2;27;12;62;2;34;3;119;3;13;0;0;6;4;0;7;5;0;27;2;11;0;59;1;7;0;0;1;0;3;0
07/11/2025;427;1;8;4;3;25;7;46;1;27;9;115;5;16;15;0;5;2;0;1;3;0;25;0;9;2;75;0;3;0;6;0;13;0;2
08/11/2025;450;1;13;0;0;29;8;68;1;24;8;133;9;18;18;4;0;0;0;5;0;2;23;1;8;0;66;0;0;0;0;3;5;3;1
09/11/2025;467;1;5;2;12;24;8;55;0;28;9;135;7;9;19;1;6;0;0;5;1;1;37;1;10;0;71;2;3;0;3;0;8;5;0
10/11/2025;399;1;10;1;4;31;8;48;1;20;6;102;7;12;1;2;2;3;1;1;10;3;23;1;8;1;78;1;4;0;0;0;7;2;1
11/11/2025;354;1;7;2;2;27;5;40;1;10;1;97;4;6;12;1;2;2;0;0;0;0;33;2;11;0;66;0;2;0;3;1;11;5;1
12/11/2025;359;1;4;4;3;21;5;0;0;15;9;111;7;7;13;1;4;1;0;1;3;0;63;0;9;0;61;2;1;0;5;0;6;2;1
13/11/2025;358;1;9;1;4;29;4;63;5;13;7;98;3;7;0;0;3;0;0;1;8;2;21;1;10;0;50;1;2;1;0;0;13;1;1
14/11/2025;393;1;5;2;3;15;7;86;1;16;4;92;8;6;17;2;2;1;0;1;4;0;28;2;9;1;61;4;1;0;8;0;5;1;1
15/11/2025;132;1;2;1;1;8;0;31;0;3;1;25;1;2;6;1;1;0;0;0;1;1;8;1;4;1;26;1;0;0;3;0;2;1;0
16/11/2025;200;1;0;1;4;14;10;28;0;12;1;49;2;6;11;1;2;2;0;2;1;1;10;0;4;0;27;1;1;0;4;0;5;1;0
17/11/2025;111;1;0;1;1;8;4;8;0;5;0;34;0;1;3;1;2;0;0;0;2;1;12;2;2;0;20;0;1;0;2;0;1;0;0
18/11/2025;140;1;2;0;1;6;5;17;0;5;1;45;0;4;3;0;2;0;0;0;0;0;4;1;1;0;32;0;0;0;3;0;7;1;0
19/11/2025;90;1;1;2;0;5;3;8;1;6;0;14;0;2;2;0;1;0;0;0;1;1;5;0;2;0;22;0;2;0;3;0;3;6;0
20/11/2025;163;1;4;1;1;10;2;22;2;3;0;57;4;6;6;2;2;1;0;0;3;0;5;1;3;0;16;0;0;0;1;0;4;7;0
21/11/2025;221;1;2;2;3;9;2;22;2;9;4;45;4;9;19;0;3;0;0;1;4;0;25;0;7;1;38;1;0;0;2;0;3;2;2
22/11/2025;205;1;2;1;0;12;4;30;2;3;2;53;7;4;10;1;0;0;0;0;3;1;13;0;4;1;37;0;2;0;3;0;7;2;1
23/11/2025;232;1;1;0;2;8;4;34;0;9;3;36;2;1;8;0;1;1;0;1;3;1;28;0;9;1;49;3;4;10;1;0;2;10;0
24/11/2025;229;1;0;0;0;4;5;28;1;3;2;51;0;11;8;1;0;1;0;0;1;3;26;30;3;0;43;0;2;0;2;0;3;0;1
25/11/2025;140;1;5;0;0;2;2;20;0;4;1;41;1;2;7;0;0;0;0;0;1;0;14;1;4;0;25;0;2;0;0;0;7;1;0
26/11/2025;119;1;0;1;3;4;0;24;0;1;1;31;1;2;9;3;1;1;0;2;0;0;7;0;2;0;16;0;0;1;1;0;2;5;1
27/11/2025;117;1;1;0;0;4;1;10;0;9;6;31;5;0;4;0;2;1;0;1;1;0;5;0;1;0;29;0;0;0;3;0;2;0;1
28/11/2025;138;1;1;3;2;9;3;17;1;2;1;40;3;3;6;1;2;0;0;0;3;0;10;0;5;1;21;1;1;0;1;0;0;1;0
29/11/2025;242;1;7;1;1;14;2;42;5;13;0;49;7;10;8;1;1;2;2;1;8;0;23;0;2;0;27;1;2;0;2;0;9;1;1
30/11/2025;213;1;5;0;2;13;5;36;1;26;8;18;6;7;9;1;1;1;0;4;3;0;30;0;10;0;17;1;0;0;3;0;2;4;0
01/12/2025;194;1;2;0;1;8;8;20;1;10;1;52;2;8;10;1;2;2;0;1;2;1;16;0;10;0;25;1;1;0;2;0;6;0;1
02/12/2025;151;1;4;1;1;8;0;34;0;3;3;30;5;0;5;1;1;1;0;2;1;0;20;1;6;0;11;0;0;0;0;0;8;4;1
03/12/2025;171;1;2;1;1;8;1;15;1;4;1;56;0;0;8;2;2;0;0;7;3;1;14;2;6;0;29;2;0;0;1;0;3;0;1
04/12/2025;59;1;0;0;0;1;1;5;0;6;2;20;1;1;2;0;0;0;0;0;0;0;4;0;2;0;10;0;0;0;1;0;2;1;0
05/12/2025;116;1;1;2;0;5;6;15;1;7;0;35;1;5;4;0;0;0;0;0;0;0;8;1;1;0;18;1;0;0;1;0;4;0;0
06/12/2025;137;1;3;0;3;6;2;18;1;4;1;35;1;2;9;0;0;1;0;1;1;0;12;1;1;0;23;1;1;0;3;0;1;2;4
07/12/2025;136;1;3;0;0;8;2;15;0;6;2;41;2;2;2;2;0;0;0;0;0;0;6;1;4;0;29;0;2;0;2;0;1;6;0
08/12/2025;70;1;0;0;0;0;1;12;1;5;1;20;0;0;1;0;0;0;0;0;0;1;6;1;0;0;19;0;0;0;1;0;1;0;0
09/12/2025;106;1;0;0;0;2;7;14;0;5;1;31;2;2;5;1;0;0;0;0;1;0;9;0;2;0;18;1;1;0;1;0;3;0;0
10/12/2025;147;1;5;1;2;9;3;9;0;8;2;32;1;3;13;1;0;0;0;2;5;2;0;3;11;0;23;1;1;0;7;0;2;1;0
11/12/2025;84;1;0;0;2;4;2;0;1;7;0;28;2;4;2;2;1;1;1;0;0;2;0;0;1;0;21;0;0;0;1;0;1;1;0
12/12/2025;146;1;3;0;0;7;2;14;0;9;1;40;0;4;7;1;0;1;0;2;1;1;5;0;4;1;36;0;2;0;4;0;0;0;1
13/12/2025;100;1;0;1;1;6;1;8;0;1;0;30;0;4;2;1;0;0;0;0;0;0;12;1;6;0;18;0;0;0;2;0;6;0;0
14/12/2025;117;1;1;0;1;4;4;12;0;4;3;29;1;1;6;1;2;0;0;0;0;0;21;0;2;0;21;0;0;0;1;0;1;1;1
15/12/2025;71;1;0;0;1;1;3;6;0;1;3;22;1;0;1;0;1;0;0;2;1;0;6;0;4;0;16;0;1;1;0;0;0;0;0
16/12/2025;70;1;2;0;0;1;0;7;0;1;0;14;1;3;4;0;1;0;0;0;2;2;14;0;1;0;6;1;9;0;0;0;1;0;0
17/12/2025;90;1;1;1;0;5;3;12;0;2;2;25;3;3;2;0;0;0;0;0;1;0;5;0;1;0;19;2;0;0;1;0;2;0;0
18/12/2025;131;1;2;1;2;4;2;13;0;2;0;55;1;2;4;0;1;0;0;0;0;0;6;0;2;1;26;0;1;0;3;0;1;2;0
19/12/2025;153;1;7;3;0;11;4;29;0;9;2;31;5;2;10;0;2;1;0;2;2;1;13;0;6;0;7;1;0;0;2;0;0;1;2
20/12/2025;191;1;2;0;1;6;3;26;1;4;1;52;1;1;3;0;0;0;0;0;0;0;23;0;13;1;34;2;4;0;3;0;5;3;2
21/12/2025;145;1;2;0;3;8;5;4;0;7;0;53;3;1;2;0;2;0;0;1;3;1;7;0;5;1;22;0;2;0;0;0;11;1;1
22/12/2025;74;1;1;0;0;2;2;11;1;1;0;23;0;1;4;0;0;0;0;1;0;0;3;0;1;0;19;0;0;0;2;0;2;0;0
23/12/2025;128;1;0;1;0;8;1;0;0;6;2;59;1;9;7;0;0;0;0;1;3;1;0;0;1;0;20;0;1;0;1;0;6;0;0
24/12/2025;151;1;1;0;0;4;4;10;0;10;3;38;4;4;5;1;1;4;6;0;0;0;6;0;6;0;32;0;2;0;0;0;6;3;1
25/12/2025;180;1;1;1;5;7;1;26;0;3;4;52;0;6;8;0;1;0;1;2;4;0;18;0;5;0;28;0;1;0;3;0;0;3;0
26/12/2025;127;1;5;2;0;4;6;28;1;4;2;15;5;3;10;0;2;0;0;0;2;0;16;2;5;0;4;0;1;0;2;0;6;2;0
27/12/2025;130;1;0;0;5;2;5;6;0;3;1;29;2;1;5;1;2;0;0;0;1;0;10;0;4;0;43;0;3;0;2;0;5;0;0
28/12/2025;78;1;2;0;0;2;6;16;0;13;3;0;2;0;8;0;1;0;0;0;1;0;10;0;6;0;0;0;0;0;3;0;0;2;3
29/12/2025;83;1;1;1;5;4;2;19;0;8;2;3;1;8;6;0;1;0;0;0;0;0;11;0;5;0;3;0;0;1;1;0;0;1;0
30/12/2025;136;1;1;1;0;10;5;7;0;4;5;42;3;4;4;0;0;1;0;2;0;0;8;0;6;0;31;1;0;0;0;0;0;0;1
31/12/2025;173;1;2;0;2;9;2;12;1;10;0;43;0;3;6;1;0;1;0;1;5;1;16;0;9;0;35;0;4;0;5;0;2;3;0
01/01/2026;233;1;7;2;2;14;3;47;2;15;7;18;1;12;16;2;2;3;0;2;2;0;23;2;18;0;13;1;0;0;4;0;8;7;0
02/01/2026;71;1;0;0;3;4;0;5;0;1;1;24;0;0;1;1;0;0;0;1;1;0;0;0;3;1;19;0;0;0;1;0;4;1;0
03/01/2026;176;1;3;1;0;15;4;25;0;9;4;22;2;8;9;2;3;0;0;0;7;2;21;0;13;0;12;2;4;0;1;1;2;2;2
04/01/2026;333;1;4;3;2;15;9;50;0;19;3;63;6;11;0;0;4;2;0;2;0;0;56;1;14;1;57;2;2;0;0;0;4;1;2
05/01/2026;327;1;7;4;2;27;9;46;2;15;3;77;3;3;18;2;6;1;0;6;6;1;11;2;8;0;51;2;2;0;6;0;4;1;2
06/01/2026;287;1;1;4;3;16;9;27;2;16;4;96;7;4;18;4;5;0;0;3;5;0;6;1;8;0;40;2;1;0;0;0;2;2;1
07/01/2026;98;1;1;0;2;2;0;8;0;3;1;30;3;2;4;0;0;0;0;0;0;0;13;0;5;0;22;0;0;0;0;0;1;1;0
08/01/2026;223;1;12;1;0;12;6;41;0;13;2;40;3;2;11;1;4;0;0;1;2;0;14;1;6;0;36;0;2;0;3;0;8;1;1
09/01/2026;293;1;5;0;3;13;6;25;0;12;6;58;4;12;16;2;5;0;0;3;2;3;18;1;14;0;53;0;3;0;6;0;19;2;2
10/01/2026;297;1;8;2;6;14;6;42;0;20;3;41;4;15;16;4;0;0;0;6;6;1;30;1;12;1;41;0;2;0;3;0;8;3;2
11/01/2026;370;1;4;2;2;15;7;38;0;6;5;104;6;6;19;2;1;0;0;4;0;2;40;3;10;1;70;0;0;1;5;0;8;7;2
12/01/2026;492;1;8;2;0;23;11;69;4;15;5;127;5;16;29;1;3;0;0;5;5;3;40;2;15;0;82;2;3;0;6;0;6;3;2
13/01/2026;323;1;8;4;3;14;2;60;1;15;4;80;3;7;12;0;4;1;0;5;3;1;32;1;10;2;36;1;0;0;4;0;6;2;2
14/01/2026;294;1;3;1;4;15;6;47;1;8;8;70;3;5;16;4;6;0;0;4;3;2;21;1;7;0;40;0;0;0;6;0;9;3;1
15/01/2026;313;1;6;2;6;15;4;28;1;11;4;98;6;3;17;1;1;1;0;6;0;0;14;1;7;1;65;1;2;0;4;0;7;1;0
16/01/2026;345;1;4;4;0;15;10;43;0;20;5;95;6;3;20;1;6;0;0;7;4;3;18;2;14;1;49;2;1;0;3;0;8;1;0
17/01/2026;340;1;4;1;3;8;6;32;3;6;3;90;1;6;10;4;6;0;0;1;9;0;34;0;4;2;57;1;5;0;14;0;26;4;0
18/01/2026;409;1;4;3;3;25;9;60;0;23;9;106;3;4;26;2;2;5;0;3;6;1;17;0;18;0;52;4;8;0;4;0;8;3;1
19/01/2026;272;1;10;1;4;18;7;10;1;23;6;50;10;14;17;1;6;3;1;3;3;3;15;2;20;4;13;2;4;0;7;0;10;3;1
20/01/2026;265;1;10;2;13;16;6;1;0;21;5;76;5;6;20;1;2;2;0;2;4;5;0;0;16;1;37;0;2;0;5;0;7;0;0
21/01/2026;431;1;10;4;4;13;2;84;2;21;5;117;8;4;13;3;6;3;0;2;4;4;11;2;22;0;62;0;2;0;7;1;11;3;1
22/01/2026;509;1;1;6;4;45;10;12;1;32;9;139;7;32;24;4;9;7;0;8;19;5;0;2;17;0;87;7;3;0;6;1;7;3;2
23/01/2026;288;1;11;2;2;24;10;14;1;27;4;67;2;14;23;1;4;2;0;2;7;2;0;3;11;3;38;0;2;0;4;0;5;1;2
24/01/2026;419;1;8;0;2;30;2;47;1;22;8;120;4;11;15;3;5;2;0;2;5;4;0;2;18;0;75;3;2;0;8;0;9;6;5
25/01/2026;342;1;11;2;6;37;9;36;3;40;4;45;7;13;17;1;3;10;0;6;6;3;0;1;26;3;23;7;5;0;8;0;9;1;0
26/01/2026;260;1;14;2;10;27;11;19;2;49;5;10;5;11;27;2;2;3;0;4;7;2;0;3;17;3;8;2;4;0;3;0;4;4;0
27/01/2026;236;1;12;0;6;23;12;7;0;19;0;75;0;8;0;0;0;0;0;2;7;0;8;0;11;0;39;0;2;0;2;0;3;0;0
28/01/2026;233;1;8;2;2;20;17;7;2;25;4;37;2;9;19;3;2;1;0;3;5;0;7;0;16;0;20;3;5;0;8;0;1;5;0
29/01/2026;237;1;4;0;4;12;5;5;2;22;12;63;3;6;12;0;2;2;0;4;4;4;3;1;11;0;46;1;2;0;5;0;2;0;0
30/01/2026;302;1;8;3;3;20;6;15;3;17;4;120;8;9;11;2;1;0;0;1;2;1;0;2;2;0;49;0;2;0;8;1;2;2;0
31/01/2026;358;1;4;2;5;21;8;9;0;14;2;138;7;13;8;2;1;3;0;2;6;1;3;0;11;0;70;0;2;1;6;0;10;5;4
01/02/2026;476;1;14;3;1;34;15;47;0;28;4;124;4;0;21;1;1;2;0;6;5;1;23;0;26;0;103;1;0;0;2;0;6;4;0
02/02/2026;305;1;5;3;6;24;10;0;2;18;3;98;6;0;18;3;0;2;0;2;3;2;0;0;8;0;63;2;0;0;11;0;11;5;0
03/02/2026;336;1;12;3;4;18;7;0;0;12;2;131;5;0;14;3;2;4;0;2;1;0;0;0;10;0;90;0;0;0;5;0;7;2;2
04/02/2026;387;1;14;1;4;26;13;0;0;15;6;123;3;11;21;4;1;2;1;3;8;0;0;0;30;1;77;1;5;0;4;0;8;3;2
05/02/2026;373;1;8;1;4;15;11;0;3;16;8;134;5;17;17;1;5;2;0;4;6;1;0;1;13;0;80;0;3;1;4;0;9;2;2
06/02/2026;305;1;6;1;6;17;4;0;1;18;3;116;5;12;10;0;3;1;0;1;3;0;0;0;12;0;70;0;3;0;6;0;3;1;3
07/02/2026;261;1;4;0;1;16;6;0;3;8;4;69;1;8;5;1;2;4;0;6;5;1;0;2;19;1;77;0;4;0;5;0;6;2;1
08/02/2026;306;1;6;2;4;23;8;0;1;15;9;96;3;14;10;2;1;3;0;5;5;0;0;0;16;0;61;3;0;0;3;0;8;5;3
09/02/2026;263;1;6;0;3;10;3;0;1;12;0;101;4;13;13;0;0;1;0;4;5;1;0;0;9;0;53;3;3;0;6;0;7;3;2
10/02/2026;373;1;10;3;3;27;5;0;0;31;10;107;6;10;25;2;3;2;0;8;3;1;0;1;22;2;76;0;4;1;6;0;4;0;1
11/02/2026;360;1;8;2;5;33;12;0;0;16;5;102;4;12;21;5;2;3;0;0;7;1;0;4;23;0;59;2;12;0;4;0;10;6;2
12/02/2026;356;1;17;3;4;27;11;0;6;26;5;84;1;24;32;0;2;2;0;3;4;5;0;0;22;0;70;0;2;0;3;0;3;0;0
13/02/2026;352;1;8;4;6;23;10;0;4;26;8;108;11;14;16;5;2;1;1;0;2;2;0;1;19;0;56;2;1;0;2;0;17;1;2
14/02/2026;332;1;7;4;3;23;8;0;2;20;5;78;6;11;14;1;2;4;0;2;1;1;0;1;22;0;79;0;7;0;11;0;13;4;3
15/02/2026;220;1;6;4;2;11;8;0;0;11;1;84;3;0;10;1;2;1;0;1;3;4;0;2;5;1;52;1;0;0;1;0;2;4;0
16/02/2026;290;1;9;6;8;13;7;0;0;18;9;107;3;4;8;0;2;1;0;1;7;0;0;1;15;0;54;2;2;0;5;0;3;5;0
17/02/2026;247;1;3;0;2;4;8;3;0;8;5;91;3;8;7;0;2;4;0;5;1;0;3;0;13;1;56;0;3;0;5;0;7;3;2
18/02/2026;230;1;3;3;3;11;5;0;0;6;2;85;4;9;13;1;3;1;0;3;2;0;0;0;8;0;57;1;1;0;5;0;3;1;0
19/02/2026;223;1;3;0;1;9;3;12;2;8;4;90;2;5;3;1;0;0;0;3;1;0;9;0;3;0;48;0;1;0;5;0;3;4;3
20/02/2026;187;1;4;2;0;16;2;23;0;5;4;67;3;5;9;0;3;0;0;0;1;0;3;0;6;0;31;0;0;0;0;0;3;0;0
21/02/2026;204;1;1;1;1;9;1;0;0;11;2;88;3;0;7;0;0;1;0;2;2;0;11;2;6;0;43;2;2;0;4;0;3;1;1
22/02/2026;195;1;4;0;3;6;3;0;0;6;1;60;6;10;6;0;0;0;0;0;6;0;0;1;11;0;64;1;0;0;3;0;3;0;1
23/02/2026;220;1;3;0;2;16;4;0;0;3;3;71;5;3;14;0;0;1;1;3;9;0;0;0;12;0;58;3;3;0;3;0;0;2;1
24/02/2026;229;1;3;0;0;22;7;0;0;8;2;74;3;6;10;0;0;0;0;1;1;1;0;0;11;1;57;1;5;0;4;0;4;7;1
25/02/2026;193;1;2;0;0;8;8;0;0;7;4;63;3;4;6;0;0;0;0;3;4;1;0;0;1;0;65;0;5;0;5;0;1;3;0
26/02/2026;245;1;2;0;1;15;6;0;0;9;5;69;2;13;10;0;2;0;0;2;6;2;0;0;11;0;70;0;1;0;2;0;7;6;4
27/02/2026;277;1;7;2;0;20;4;0;0;13;1;94;3;8;18;1;1;1;0;5;12;1;0;0;13;0;55;0;8;0;1;0;0;7;2
28/02/2026;284;1;4;4;3;15;5;0;2;7;5;98;2;10;17;0;1;0;0;1;13;0;0;1;12;1;55;3;2;1;7;0;6;5;4
01/03/2026;316;1;6;1;1;21;11;3;1;14;5;116;6;8;14;1;0;4;1;0;19;0;0;0;12;0;49;1;0;0;9;0;9;2;2
02/03/2026;214;1;4;0;0;11;4;0;0;12;3;71;1;2;8;1;1;2;1;0;5;0;0;0;8;0;66;0;3;0;7;0;1;3;0
03/03/2026;272;1;4;0;2;21;0;22;0;8;3;84;5;7;7;1;1;2;0;4;2;0;13;0;7;1;60;0;1;0;9;0;4;3;1
04/03/2026;243;1;1;0;2;15;2;28;0;10;5;75;3;5;7;2;2;1;0;0;6;0;15;0;4;0;48;0;3;0;2;0;6;0;1
05/03/2026;295;1;8;2;3;20;8;10;0;15;9;88;4;15;7;4;3;0;0;2;5;5;1;2;17;0;47;1;3;0;6;0;8;1;1
06/03/2026;228;1;2;0;5;11;3;26;1;7;3;69;4;5;15;0;3;2;0;0;8;0;14;0;2;0;28;0;2;0;2;0;2;13;1
07/03/2026;263;1;10;0;1;12;6;1;0;19;2;72;6;6;11;2;0;3;0;0;2;0;9;0;14;0;75;0;3;0;4;0;4;1;0
08/03/2026;309;1;4;0;0;19;5;0;0;13;2;115;4;17;15;0;1;4;0;5;11;3;0;0;10;0;62;0;8;0;4;0;4;2;1
09/03/2026;312;1;4;0;0;21;3;30;0;6;4;66;6;11;10;0;5;2;0;4;12;0;25;0;4;0;83;0;3;0;8;0;2;1;2
10/03/2026;324;1;9;3;1;18;5;25;0;11;9;82;4;15;9;0;2;0;0;5;3;0;21;0;10;2;66;0;2;0;2;0;12;4;4
11/03/2026;339;1;6;0;3;13;5;45;0;10;3;111;6;8;14;0;1;1;0;0;7;1;31;0;5;0;51;2;1;0;5;1;4;4;1
12/03/2026;313;1;10;0;1;29;8;14;2;19;4;112;1;14;12;1;1;4;0;0;10;2;8;0;7;0;43;0;1;1;4;0;2;1;2
13/03/2026;315;1;2;0;1;17;5;47;3;9;5;94;7;9;8;1;0;1;0;0;5;4;28;0;11;0;42;0;2;0;8;0;3;1;2
14/03/2026;148;1;2;0;0;11;3;14;0;3;2;65;1;5;5;1;0;2;0;2;1;2;5;0;2;0;18;0;1;0;0;0;3;0;0
15/03/2026;288;1;4;0;1;15;2;35;0;11;5;82;2;7;14;1;2;1;0;6;2;3;19;0;3;0;57;0;3;0;2;0;2;7;2
16/03/2026;281;1;5;6;1;18;3;21;1;14;1;96;3;8;14;1;1;2;0;4;3;1;12;0;7;0;52;0;1;0;2;0;3;1;0
17/03/2026;241;1;5;0;0;18;5;36;2;12;2;53;2;5;11;3;2;1;0;5;1;1;20;0;5;0;34;1;1;0;3;0;3;6;4
18/03/2026;260;1;5;3;0;20;9;10;2;13;8;85;1;5;11;0;2;2;0;8;3;0;15;0;6;0;36;2;3;0;7;0;0;3;1
19/03/2026;265;1;7;0;1;32;11;0;4;6;8;82;6;10;14;2;3;1;0;3;5;1;0;0;10;0;45;0;3;0;3;0;1;2;5
20/03/2026;170;1;2;0;2;11;2;24;1;6;3;48;0;5;7;2;1;1;0;2;1;0;11;1;2;0;33;0;0;0;3;0;1;1;0
21/03/2026;0;0;0;0;0;0;0;0;0;0;0;0;0;0;0;0;0;0;0;0;0;0;0;0;0;0;0;0;0;0;0;0;0;0;0
22/03/2026;0;0;0;0;0;0;0;0;0;0;0;0;0;0;0;0;0;0;0;0;0;0;0;0;0;0;0;0;0;0;0;0;0;0;0
23/03/2026;0;0;0;0;0;0;0;0;0;0;0;0;0;0;0;0;0;0;0;0;0;0;0;0;0;0;0;0;0;0;0;0;0;0;0
24/03/2026;0;0;0;0;0;0;0;0;0;0;0;0;0;0;0;0;0;0;0;0;0;0;0;0;0;0;0;0;0;0;0;0;0;0;0
25/03/2026;0;0;0;0;0;0;0;0;0;0;0;0;0;0;0;0;0;0;0;0;0;0;0;0;0;0;0;0;0;0;0;0;0;0;0
26/03/2026;0;0;0;0;0;0;0;0;0;0;0;0;0;0;0;0;0;0;0;0;0;0;0;0;0;0;0;0;0;0;0;0;0;0;0
27/03/2026;0;0;0;0;0;0;0;0;0;0;0;0;0;0;0;0;0;0;0;0;0;0;0;0;0;0;0;0;0;0;0;0;0;0;0
28/03/2026;0;0;0;0;0;0;0;0;0;0;0;0;0;0;0;0;0;0;0;0;0;0;0;0;0;0;0;0;0;0;0;0;0;0;0
29/03/2026;0;0;0;0;0;0;0;0;0;0;0;0;0;0;0;0;0;0;0;0;0;0;0;0;0;0;0;0;0;0;0;0;0;0;0
30/03/2026;0;0;0;0;0;0;0;0;0;0;0;0;0;0;0;0;0;0;0;0;0;0;0;0;0;0;0;0;0;0;0;0;0;0;0
31/03/2026;0;0;0;0;0;0;0;0;0;0;0;0;0;0;0;0;0;0;0;0;0;0;0;0;0;0;0;0;0;0;0;0;0;0;0
05/05/2026;184;1;100;65;0;0;0;0;0;2;0;1;0;4;0;0;0;3;0;0;0;0;0;2;0;0;0;0;0;0;0;0;0;0;0
13/05/2026;2;1;0;0;1;1;0;0;0;0;0;0;0;0;0;0;0;0;0;0;0;0;0;0;0;0;0;0;0;0;0;0;0;0;0
07/06/2026;37;1;9;3;2;0;1;0;0;7;0;14;0;0;0;0;0;0;0;0;0;0;0;0;0;0;1;0;0;0;0;0;0;0;0
